time_s,ue_x_m,speed_mps,serving_cell,serving_rsrp,neighbor_rsrp,serving_rsrq,neighbor_rsrq,rsrp_difference,handover_event,target_cell,handover_next_1s
1,60,10,1,-100.634,-118.356,-10.874,-28.5961,-17.7221,0,0,0
2,70,10,1,-102.012,-118.157,-10.9088,-27.054,-16.1452,0,0,0
3,80,10,1,-103.204,-117.955,-10.9516,-25.7017,-14.7501,0,0,0
4,90,10,1,-104.254,-117.747,-11.0029,-24.4956,-13.4927,0,0,0
5,100,10,1,-105.191,-117.534,-11.0636,-23.4062,-12.3426,0,0,0
6,110,10,1,-106.038,-117.316,-11.1346,-22.4124,-11.2778,0,0,0
7,120,10,1,-106.81,-117.092,-11.2169,-21.4991,-10.2822,0,0,0
8,130,10,1,-107.519,-116.862,-11.3112,-20.6547,-9.34347,0,0,0
9,140,10,1,-108.175,-116.627,-11.4188,-19.8706,-8.45179,0,0,0
10,150,10,1,-108.785,-116.384,-11.5406,-19.14,-7.59942,0,0,0
11,160,10,1,-109.355,-116.135,-11.6777,-18.4576,-6.77999,0,0,0
12,170,10,1,-109.89,-115.878,-11.8312,-17.8194,-5.98821,0,0,0
13,180,10,1,-110.394,-115.613,-12.0023,-17.2218,-5.21958,0,0,0
14,190,10,1,-110.87,-115.34,-12.192,-16.6623,-4.47022,0,0,0
15,200,10,1,-111.322,-115.058,-12.4017,-16.1384,-3.73675,0,0,0
16,210,10,1,-111.751,-114.767,-12.6323,-15.6485,-3.01612,0,0,0
17,220,10,1,-112.16,-114.466,-12.8851,-15.1907,-2.3056,0,0,0
18,230,10,1,-112.551,-114.154,-13.1612,-14.7638,-1.60263,0,0,0
19,240,10,1,-112.925,-113.83,-13.4616,-14.3664,-0.904854,0,0,0
20,250,10,1,-113.284,-113.494,-13.7874,-13.9974,-0.209969,0,0,0
21,260,10,1,-113.628,-113.144,-14.1399,-13.6556,0.484246,0,0,0
22,270,10,1,-113.959,-112.779,-14.5199,-13.3399,1.18001,0,0,1
23,280,10,2,-112.398,-114.278,-13.0488,-14.9295,-1.88068,1,2,0
24,290,10,2,-112.001,-114.586,-12.7825,-15.3679,-2.58534,0,0,0
25,300,10,2,-111.584,-114.883,-12.5386,-15.8382,-3.29961,0,0,0
26,310,10,2,-111.146,-115.171,-12.3164,-16.3413,-4.02491,0,0,0
27,320,10,2,-110.685,-115.449,-12.1147,-16.8791,-4.76436,0,0,0
28,330,10,2,-110.198,-115.719,-11.9325,-17.4533,-5.52083,0,0,0
29,340,10,2,-109.682,-115.98,-11.7684,-18.0667,-6.29821,0,0,0
30,350,10,2,-109.134,-116.234,-11.6216,-18.7218,-7.10026,0,0,0
31,360,10,2,-108.549,-116.481,-11.4906,-19.4228,-7.93212,0,0,0
32,370,10,2,-107.921,-116.721,-11.3746,-20.1737,-8.7991,0,0,0
33,380,10,2,-107.245,-116.954,-11.2724,-20.9809,-9.70849,0,0,0
34,390,10,2,-106.513,-117.181,-11.183,-21.8513,-10.6683,0,0,0
35,400,10,2,-105.713,-117.403,-11.1053,-22.795,-11.6897,0,0,0
36,410,10,2,-104.833,-117.619,-11.0384,-23.8243,-12.7859,0,0,0
37,420,10,2,-103.854,-117.829,-10.9815,-24.9571,-13.9756,0,0,0
38,430,10,2,-102.752,-118.035,-10.9337,-26.2167,-15.283,0,0,0
