run_id,time_s,ue_x_m,speed_mps,serving_cell,serving_rsrp,neighbor_rsrp,serving_rsrq,neighbor_rsrq,rsrp_difference,handover_event,target_cell
582,0.2,105,25,1,0,0,0,0,0,0,0
582,0.4,110,25,1,-105.662,-116.249,-11.1834,-21.77,-10.5866,0,0
582,0.6,115,25,1,-106.073,-116.123,-11.2316,-21.2809,-10.0493,0,0
582,0.8,120,25,1,-106.466,-115.995,-11.2835,-20.8123,-9.52874,0,0
582,1,125,25,1,-106.842,-115.866,-11.3395,-20.3627,-9.02317,0,0
582,1.2,130,25,1,-107.203,-115.734,-11.3996,-19.9308,-8.53117,0,0
582,1.4,135,25,1,-107.549,-115.601,-11.4641,-19.5156,-8.05146,0,0
582,1.6,140,25,1,-107.882,-115.465,-11.5331,-19.116,-7.58289,0,0
582,1.8,145,25,1,-108.203,-115.327,-11.6069,-18.7313,-7.12441,0,0
582,2,150,25,1,-108.512,-115.187,-11.6856,-18.3607,-6.6751,0,0
582,2.2,155,25,1,-108.811,-115.045,-11.7694,-18.0035,-6.2341,0,0
582,2.4,160,25,1,-109.1,-114.9,-11.8586,-17.6592,-5.80064,0,0
582,2.6,165,25,1,-109.379,-114.753,-11.9532,-17.3272,-5.374,0,0
582,2.8,170,25,1,-109.65,-114.604,-12.0536,-17.0071,-4.95353,0,0
582,3,175,25,1,-109.913,-114.451,-12.1599,-16.6985,-4.53861,0,0
582,3.2,180,25,1,-110.168,-114.296,-12.2724,-16.401,-4.12867,0,0
582,3.4,185,25,1,-110.416,-114.139,-12.3911,-16.1143,-3.72317,0,0
582,3.6,190,25,1,-110.656,-113.978,-12.5164,-15.838,-3.32162,0,0
582,3.8,195,25,1,-110.891,-113.814,-12.6484,-15.5719,-2.92353,0,0
582,4,200,25,1,-111.119,-113.647,-12.7873,-15.3157,-2.52844,0,0
582,4.2,205,25,1,-111.341,-113.477,-12.9333,-15.0692,-2.13593,0,0
582,4.4,210,25,1,-111.558,-113.304,-13.0866,-14.8322,-1.74556,0,0
582,4.6,215,25,1,-111.77,-113.127,-13.2474,-14.6044,-1.35694,0,0
582,4.8,220,25,1,-111.976,-112.946,-13.4159,-14.3856,-0.969663,0,0
582,5,225,25,1,-112.178,-112.762,-13.5923,-14.1756,-0.583343,0,0
582,5.2,230,25,1,-112.375,-112.573,-13.7767,-13.9743,-0.197596,0,0
582,5.4,235,25,1,-112.568,-112.38,-13.9694,-13.7814,0.187956,0,0
582,5.6,240,25,1,-112.757,-112.183,-14.1705,-13.5968,0.573693,0,0
582,5.8,245,25,1,-112.942,-111.982,-14.3802,-13.4202,0.959995,0,0
582,6,250,25,1,-113.122,-111.775,-14.5988,-13.2516,1.34724,0,0
582,6.2,255,25,1,-113.3,-111.564,-14.8264,-13.0906,1.73583,0,0
582,6.4,260,25,2,-111.347,-113.473,-12.9371,-15.0632,-2.12614,1,2
582,6.6,265,25,2,-111.121,-113.643,-12.7897,-15.3115,-2.52185,0,0
582,6.8,270,25,2,-110.896,-113.81,-12.6517,-15.5656,-2.91395,0,0
582,7,275,25,2,-110.662,-113.974,-12.5194,-15.8316,-3.31218,0,0
582,7.2,280,25,2,-110.421,-114.135,-12.3941,-16.1075,-3.71345,0,0
582,7.4,285,25,2,-110.173,-114.293,-12.2751,-16.3942,-4.11907,0,0
582,7.6,290,25,2,-109.919,-114.448,-12.1626,-16.6912,-4.52868,0,0
582,7.8,295,25,2,-109.656,-114.6,-12.056,-16.9998,-4.94372,0,0
582,8,300,25,2,-109.386,-114.75,-11.9556,-17.3194,-5.36382,0,0
582,8.2,305,25,2,-109.106,-114.897,-11.8607,-17.6513,-5.79056,0,0
582,8.4,310,25,2,-108.818,-115.041,-11.7715,-17.9951,-6.2236,0,0
582,8.6,315,25,2,-108.519,-115.184,-11.6875,-18.3522,-6.66469,0,0
582,8.8,320,25,2,-108.21,-115.324,-11.6087,-18.7222,-7.11352,0,0
582,9,325,25,2,-107.889,-115.462,-11.5348,-19.1069,-7.57208,0,0
582,9.2,330,25,2,-107.557,-115.597,-11.4657,-19.5058,-8.0401,0,0
582,9.4,335,25,2,-107.211,-115.731,-11.4011,-19.9209,-8.51987,0,0
582,9.6,340,25,2,-106.851,-115.862,-11.3409,-20.3521,-9.01123,0,0
582,9.8,345,25,2,-106.475,-115.992,-11.2848,-20.8016,-9.51684,0,0
582,10,350,25,2,-106.083,-116.12,-11.2328,-21.2695,-10.0367,0,0
582,10.2,355,25,2,-105.671,-116.245,-11.1845,-21.7584,-10.574,0,0
582,10.4,360,25,2,-105.241,-116.369,-11.1399,-22.2688,-11.1289,0,0
582,10.6,365,25,2,-104.786,-116.492,-11.0988,-22.8041,-11.7053,0,0
582,10.8,370,25,2,-104.308,-116.612,-11.061,-23.3649,-12.3039,0,0
582,11,375,25,2,-103.802,-116.731,-11.0264,-23.9559,-12.9295,0,0
582,11.2,380,25,2,-103.265,-116.849,-10.9948,-24.5782,-13.5834,0,0
582,11.4,385,25,2,-102.693,-116.964,-10.966,-25.2379,-14.2719,0,0
582,11.6,390,25,2,-102.081,-117.079,-10.94,-25.9374,-14.9974,0,0
582,11.8,395,25,2,-101.423,-117.191,-10.9165,-26.6851,-15.7686,0,0
582,12,400,25,2,-100.713,-117.303,-10.8955,-27.4851,-16.5895,0,0
582,12.2,405,25,2,-99.9399,-117.413,-10.8768,-28.3497,-17.4728,0,0
582,12.4,410,25,2,-99.0951,-117.521,-10.8604,-29.2865,-18.4262,0,0
582,12.6,415,25,2,-98.1597,-117.628,-10.846,-30.3147,-19.4688,0,0
582,12.8,420,25,2,-97.1191,-117.734,-10.8336,-31.4488,-20.6153,0,0
582,13,425,25,2,-95.9409,-117.839,-10.823,-32.7211,-21.8981,0,0
582,13.2,430,25,2,-94.596,-117.942,-10.8142,-34.1606,-23.3464,0,0
582,13.4,435,25,2,-93.0259,-118.045,-10.8071,-35.8257,-25.0186,0,0
582,13.6,440,25,2,-91.1761,-118.146,-10.8016,-37.771,-26.9694,0,0
582,13.8,445,25,2,-88.9691,-118.245,-10.7976,-40.0739,-29.2763,0,0
582,14,450,25,2,-86.4927,-118.344,-10.795,-42.6464,-31.8513,0,0
582,14.2,455,25,2,-84.4669,-118.442,-10.7938,-44.7685,-33.9747,0,0
582,14.4,460,25,2,-84.4373,-118.538,-10.7937,-44.8945,-34.1008,0,0
582,14.6,465,25,2,-86.4382,-118.634,-10.7948,-42.9901,-32.1953,0,0
582,14.8,470,25,2,-88.9216,-118.728,-10.797,-40.6033,-29.8064,0,0
582,15,475,25,2,-91.1309,-118.821,-10.8003,-38.4907,-27.6904,0,0
582,15.2,480,25,2,-92.9916,-118.914,-10.8045,-36.7266,-25.922,0,0
582,15.4,485,25,2,-94.564,-119.005,-10.8098,-35.2509,-24.4411,0,0
582,15.6,490,25,2,-95.9153,-119.096,-10.8158,-33.9962,-23.1803,0,0
582,15.8,495,25,2,-97.0949,-119.185,-10.8228,-32.913,-22.0902,0,0
